create database TARge25

--db valimine
use master

--04.03.26
--2 tund

--db kustutamine
drop database TARge25

--tabeli tegemine
create table Gender
(
Id int not null primary key,
Gender nvarchar(10) not null
)

--andmete sisestamine
insert into Gender (Id, Gender)
values (2, 'Male'),
(1, 'Female'),
(3, 'Unknown')

--tabeli sisu vaatamine
select * from Gender

--tehke tabel nimega Person
create table Person
(
Id int not null primary key,
Name nvarchar(30),
Email nvarchar(30),
GenderId int
)

--andmete sisestamine
insert into Person (Id, Name, Email, GenderId)
values (1, 'Superman', 's@s.com', 2),
(2, 'Wonderwoman', 'w@w.com', 1),
(3, 'Batman', 'b@b.com', 2),
(4, 'Aquaman', 'a@a.com', 2),
(5, 'Catwoman', 'cat@cat.com', 1),
(6, 'Antman', 'ant"ant.com', 2),
(8, NULL, NULL, 2)

--soovime nðha Person tabeli sisu
select * from Person

--v¾¾rv¾tme ■henduse loomine kahe tabeli vahel
alter table Person add constraint tblPerson_GenderId_FK
foreign key (GenderId) references Gender(Id)

--kui sisestad uue rea andmeid aj ei ole sisestanud genderId alla vððrtust, siis
--see automaatselt sisestab sellele reale vððrtuse 3 e mis meil on unknown
alter table Person
add constraint DF_Persons_GenderId
default 3 for GenderId

insert into Person (Id, Name, Email, GenderId)
values (7, 'Flash','f@f.com', NULL)

insert into Person (Id, Name, Email)
values (9, 'Plack Panther','p@p.com')

select * from Person

--kustutada DF_Persons_GenderId piirang koodiga
alter table Person
drop constraint DF_Persons_GenderId

--lisame koodiga veeru
alter table Person
add Age nvarchar(10)

--lisame nr piirangu vanuse sisestamisel
alter table Person
add constraint CK_Person_Age check (Age > 0 and Age < 155)

--kui sa tead veergude jðrjekorda peast, 
--siis ei pea neid sisestama
insert into Person 
values (10, 'Green Arrow', 'g@g.com', 2, 154)

--constrainti kustutamine
alter table Person
drop constraint CK_Person_Age

alter table Person
add constraint CK_Person_Age check (Age > 0 and Age < 130)

-- kustutame rea
delete from Person where Id = 10

--kuidas uuendada andmeid koodiga
--Id 3 uus vanus on 50
update Person
set Age = 50
where Id = 3

--lisame Person tabelisse veeru City ja nvarchar 50
alter table Person
add City nvarchar(50)

--k¾ik, kes elavad Gothami linnas
select * from Person where City = 'Gotham'
--k]ik, kes ei ela Gothamis
select * from Person where City <> 'Gotham'
select * from Person where City != 'Gotham'
select * from Person where not City = 'Gotham'

--n'itab teatud vanusega inimesi
--35, 42, 23
select * from Person where Age = 35 or Age = 42 or Age = 23
select * from Person where Age in (35, 42, 23)

--nðitab teatud vanusevahemikus olevaid isikuid 22 kuni 39
select * from Person where Age between 22 and 39

--wildcardi kasutamine
--nðitab k¾ik g-tðhega algavad linnad
select * from Person where City like 'g%'
--email, kus on @ mðrk sees
select * from Person where Email like '%@%'

--nðitab, kellel on emailis ees ja peale @-mðrki ainult ■ks tðht ja omakorda .com
select * from Person where Email like '_@_.com'

--k¾ik, kellel on nimes esimene tðht W, A, S
--katusega v'listab
select * from Person where  Name like '[^WAS]%'

select * from Person where  Name like '[WAS]%'

--kes elavad Gothamis ja New Yorkis
select * from Person where City = 'Gotham' or City = 'New York'

--kes elavad Gothamis ja New Yorkis ja on vanemad, kui 29
select * from Person where (City = 'Gotham' or City = 'New York')
and Age >= 30

--rida 124
-- 3 tund
--10.03.26

--kuvab tðhestikulises jðrjekorras inimesi ja v¾tab aluseks nime
select * from Person order by Name
--kuvab vastupidises jðrjestuses nimed
select * from Person order by Name desc

--v¾tab kolm esimest rida person tabelist
select top 3 * from Person

--kolm esimest, aga tabeli jðrjestus on Age ja siis Name
select * from Person
select top 3 Age, Name from Person order by cast(Age as int)

--nðita esimesed 50% tabelist
select top 50 percent * from Person

--k¾ikide isikute koondvanus
select sum(cast(Age as int)) from Person

--nðitab k¾ige nooremat isikut
select min(cast(Age as int)) from Person

--k¾ige vanem isik
select max(cast(Age as int)) from Person

--muudame Age veeru int andmet■■biks
alter table Person
alter column Age int;

--nðeme konkreetsetes linnades olevate isikute koondvanust
select City, sum(Age) as TotalAge from Person group by City

--kuvab esimeses reas vðlja toodud jðrjestuses ja kuvab Age TotalAge-ks
--jðrjestab City-s olevate nimede jðrgi ja siis GenderId jðrgi
select City, GenderId, sum(Age) as TotalAge from Person
group by City, GenderId order by City

--nðitab, et mitu rida on selles tabelis
select * from Person
select count(*) from Person

--nðitab tulemust, et mitu inimest on GenderId vððrtusega 2 konkreetses linnas
--arvutab vanuse kokku konkreetses linnas
select GenderId, City, sum(Age) as TotalAge, count(Id) as [Total Person(s)]
from Person
where GenderId = '2'
group by GenderId, City

--nðitab ðra inimeste koondvanuse, mis on ■le 41 a ja 
--kui palju neid igas linnas elab
--eristab soo jðrgi
select GenderId, City, sum(Age) as TotalAge, count(Id) as [Total Person(s)]
from Person
group by GenderId, City having sum(Age) > 41

--loome tabelid Employees ja Department
create table Department
(
Id int primary key,
DepartmentName nvarchar(50),
Location nvarchar(50),
DepartmentHead nvarchar(50)
)

create table Employees
(
Id int primary key,
Name nvarchar(50),
Gender nvarchar(50),
Salary nvarchar(50),
DepartmentId int
)

insert into Employees (Id, Name, Gender, Salary, DepartmentId)
values (1, 'Tom', 'Male', 4000, 1),
(2, 'Pam', 'Female', 3000, 3),
(3, 'John', 'Male', 3500, 1),
(4, 'Sam', 'Male', 4500, 2),
(5, 'Todd', 'Male', 2800, 2),
(6, 'Ben', 'Male', 7000, 1),
(7, 'Sara', 'Female', 4800, 3),
(8, 'Valarie', 'Female', 5500, 1),
(9, 'James', 'Male', 6500, NULL),
(10, 'Russell', 'Male', 8800, NULL)

insert into Department(Id, DepartmentName, Location, DepartmentHead)
values 
(1, 'IT', 'London', 'Rick'),
(2, 'Payroll', 'Delhi', 'Ron'),
(3, 'HR', 'New York', 'Christie'),
(4, 'Other Department', 'Sydney', 'Cindrella')

--
select Name, Gender, Salary, DepartmentName
from Employees
left join Department
on Employees.DepartmentId = Department.Id

--arvutame k¾ikide palgad kokku
select sum(cast(Salary as int)) from Employees
--min palga saaja
select min(cast(Salary as int)) from Employees

--- rida 251
--- 4 tund
--- 17.03.26
--teeme left join pðringu
select Location, sum(cast(Salary as int)) as TotalSalary
from Employees
left join Department
on Employees.DepartmentId = Department.Id
group by Location --■he kuu palgafond linnade l¾ikes

--teem veeru nimega City Employees tabelisse
--nvarchar 30
alter table Employees
add City nvarchar(30)

select * from Employees

--peale selecti tulevad veergude nimed
select City, Gender, sum(cast(Salary as int)) as TotalSalary 
--tabelist nimega Employees ja mis on grupitatud City ja Gender jðrgi
from Employees group by City, Gender

--oleks vaja, et linnad oleksid tðhestikulises jðrjekorras
select City, Gender, sum(cast(Salary as int)) as TotalSalary 
from Employees group by City, Gender
order by City
--order by jðrjestab linnad tðhesitkuliselt, 
--aga kui on nullid, siis need tulevad k¾ige ette

-- loeb ðra, mitu rida on tabelis Employees
-- * asemele v¾ib panna ka veeru nime,
-- aga siis loeb ainult selle veeru vððrtused, mis ei ole nullid
select COUNT(*) from Employees

--mitu t——tajat on soo ja linna kaupa
select City, Gender, sum(cast(Salary as int)) as TotalSalary,
count(Id) as [Total Employee(s)]
from Employees 
group by City, Gender

--kuvab ainult k¾ik mehed linnade kaupa
select City, Gender, sum(cast(Salary as int)) as TotalSalary,
count(Id) as [Total Employee(s)]
from Employees 
where Gender = 'Female'
group by City, Gender

--sama tulemuse, aga kasutage having klauslit
select City, Gender, sum(cast(Salary as int)) as TotalSalary,
count(Id) as [Total Employee(s)]
from Employees 
group by City, Gender
having Gender = 'Male'

--nðitab meile ainult need t——tajad, kellel on palga summa ■le 4000
select * from Employees
where sum(cast(Salary as int)) > 4000

select City, sum(cast(Salary as int)) as TotalSalary, Name,
count(Id) as [Total Employee(s)]
from Employees 
group by Salary, City, Name
having sum(cast(Salary as int)) > 4000

--loome tabeli, milles hakatakse automaatselt nummerdama Id-d
create table Test1
(
Id int identity(1,1) primary key,
Value nvarchar(30)
)

insert into Test1 values('X')
select * from Test1

--- kustutame veeru nimega City Employees tabelist
alter table Employees
drop column City

-- inner join
--kuvab neid, kellel on DepartmentName all olemas vððrtus
select Name, Gender, Salary, DepartmentName
from Employees
inner join Department
on Employees.DepartmentId = Department.Id

-- left join
-- kuvab k¾ik read Employees tabelist, 
-- aga DepartmentName nðitab ainult siis, kui on olemas
-- kui DepartmentId on null, siis DepartmentName nðitab nulli
select Name, Gender, Salary, DepartmentName
from Employees
left join Department
on Employees.DepartmentId = Department.Id

-- right join
-- kuvab k¾ik read Department tabelist
-- aga Name nðitab ainult siis, kui on olemas vððrtus DepartmentId-s, mis on sama 
-- Department tabeli Id-ga
select Name, Gender, Salary, DepartmentName
from Employees
right join Department
on Employees.DepartmentId = Department.Id

-- full outer join ja full join on sama asi
-- kuvab k¾ik read m¾lemast tabelist, 
-- aga kui ei ole vastet, siis nðitab nulli
select Name, Gender, Salary, DepartmentName
from Employees
full join Department
on Employees.DepartmentId = Department.Id

-- cross join
-- kuvab k¾ik read m¾lemast tabelist, aga ei v¾ta aluseks mingit veergu,
-- vaid lihtsalt kombineerib k¾ik read omavahel
-- kasutatakse harva, aga kui on vaja kombineerida k¾iki 
-- v¾imalikke kombinatsioone kahe tabeli vahel, siis v¾ib kasutada cross joini
select Name, Gender, Salary, DepartmentName
from Employees
cross join Department

-- pðringu sisu
select ColumnList
from LeftTable
joinType RightTable
on JoinCondition

select Name, Gender, Salary, DepartmentName
from Employees
inner join Department
on Department.Id = Employees.DepartmentId

-- kuidas kuvada ainult need isikud, kellel on DepartmentName NULL
select Name, Gender, Salary, DepartmentName
from Employees
left join Department
on Employees.DepartmentId = Department.Id
where Employees.DepartmentId is null

--teine variant
select Name, Gender, Salary, DepartmentName
from Employees
left join Department
on Employees.DepartmentId = Department.Id
where Department.Id is null

-- kuidas saame department tabelis oleva rea, kus on NULL
select Name, Gender, Salary, DepartmentName
from Employees
right join Department
on Employees.DepartmentId = Department.Id
where Employees.DepartmentId is null

--full join
--kus on vaja kuvada k¾ik read m¾lemast tabelist, 
--millel ei ole vastet
select Name, Gender, Salary, DepartmentName
from Employees
full join Department
on Employees.DepartmentId = Department.Id
where Employees.DepartmentId is null
or Department.Id is null

--tabeli nimetuse muutmine koodiga
sp_rename 'Employees1', 'Employees'

-- kasutame Employees tabeli asemel l■hendit E ja M
-- aga enne seda lisame uue veeru nimega ManagerId ja see on int
alter table Employees
add ManagerId int

-- antud juhul E on Employees tabeli l■hend ja M 
-- on samuti Employees tabeli l■hend, aga me kasutame 
-- seda, et nðidata, et see on manageri tabel
select E.Name as Employee, M.Name as Manager
from Employees E
left join Employees M
on E.ManagerId = M.Id

--inner join ja kasutame l■hendeid
select E.Name as Employee, M.Name as Manager
from Employees E
inner join Employees M
on E.ManagerId = M.Id

--cross join ja kasutame l■hendeid
select E.Name as Employee, M.Name as Manager
from Employees E
cross join Employees M


select FirstName, LastName, Phone, AddressID, AddressType
from SalesLT.CustomerAddress CA
left join SalesLT.Customer C
on CA.CustomerID = C.CustomerID

-- teha pðring, kus kasutate ProductModelit ja Product tabelit, 
-- et nðha, millised tooted on millise mudeliga seotud

select PM.Name as ProductModel, P.Name as Product
from SalesLT.Product P
left join SalesLT.ProductModel PM
on PM.ProductModelId = P.ProductModelId

--rida 412
--4 tund
--31.03.26
select isnull('Sinu Nimi', 'No Manager') as Manager

select COALESCE(null, 'No Manager') as Manager

--neil kellel ei ole ■lemust, siis paneb neile No Manager teksti
select E.Name as Employee, isnull(M.Name, 'No Manager') as Manager
from Employees E
left join Employees M
on E.ManagerId = M.Id

-- kui Expression on ¾ige, siis paneb vððrtuse, mida soovid v¾i 
--vastasel juhul paneb No Manager teksti
case when Expression Then '' else '' end

--teeme pðringu, kus kasutame case-i
-- tuleb kasutada ka left join
select E.Name as Employee, case when M.Name is null then 'No Manager'
else M.Name end as Manager
from Employees E
left join Employees M
on E.ManagerId = M.Id

--lisame tabelisse uued veerud
alter table Employees
add MiddleName nvarchar(30)
alter table Employees
add LastName nvarchar(30)

--muudame veeru nime koodiga
sp_rename 'Employees.Middlename', 'MiddleName'
select* from Employees

update Employees
set FirstName = 'Tom', MiddleName = 'Nick', LastName = 'Jones'
where Id = 1

update Employees
set FirstName = 'Pam', MiddleName = NULL, LastName = 'Anderson'
where Id = 2

update Employees
set FirstName = 'John', MiddleName = NULL, LastName = NULL
where Id = 3

update Employees
set FirstName = 'Sam', MiddleName = NULL, LastName = 'Smith'
where Id = 4

update Employees
set FirstName = NULL, MiddleName = 'Todd', LastName = 'Someone'
where Id = 5

update Employees
set FirstName = 'Ben', MiddleName = 'Ten', LastName = 'Sven'
where Id = 6

update Employees
set FirstName = 'Sara', MiddleName = NULL, LastName = 'Connor'
where Id = 7

update Employees
set FirstName = 'Valarie', MiddleName = 'Balerine', LastName = NULL
where Id = 8

update Employees
set FirstName = 'James', MiddleName = '007', LastName = 'Bond'
where Id = 9

update Employees
set FirstName = NULL, MiddleName = NULL, LastName = 'Crowe'
where Id = 10

--igast reast v¾tab esimesena mitte nulli vððrtuse ja paneb Name veergu
--kasutada coalesce
select Id, coalesce(FirstName, MiddleName, LastName) as Name
from Employees

create table IndianCustomers
(
Id int identity(1,1),
Name nvarchar(25),
Email nvarchar(25)
)

create table UKCustomers
(
Id int identity(1,1),
Name nvarchar(25),
Email nvarchar(25)
)

insert into IndianCustomers (Name, Email)
values ('Raj', 'R@R.com'),
('Sam', 'S@S.com')

insert into UKCustomers (Name, Email)
values ('Ben', 'B@B.com'),
('Sam', 'S@S.com')

select * from IndianCustomers
select * from UKCustomers

--kasutate union all
--kahe tabeli andmete vaatamiseks
--nðitab k¾ik read m¾lemast tabelist
select Id, Name, Email from IndianCustomers
union all
select Id, Name, Email from UKCustomers

--korduvate vððrtuste eemaldamiseks kasutame unionit
select Id, Name, Email from IndianCustomers
union
select Id, Name, Email from UKCustomers

--kuidas tulemust sorteerida nime jðrgi
--kasutada union all-i
select Id, Name, Email from IndianCustomers
union all
select Id, Name, Email from UKCustomers
order by Name

--stored procedure
--salvestatud protseduurid on SQL-i koodid, mis on salvest
--salvestatud andmebaasis ja mida saab kðivitada, 
--et teha mingi kindel t—— ðra
create procedure spGetEmployees
as begin
	select FirstName, Gender from Employees
end

--n■■d saame kasutada spGetEmployees-i
spGetEmployees
exec spGetEmployees
execute spGetEmployees

---
create proc spGetEmployeesByGenderAndDepartment
@Gender nvarchar(10),
@DepartmentId int
as begin
	select FirstName, Gender, DepartmentId from Employees 
	where Gender = @Gender and DepartmentId = @DepartmentId
end

--miks saab veateate
spGetEmployeesByGenderAndDepartment
--¾ige variant
spGetEmployeesByGenderAndDepartment 'female', 1
--kuidas minna sp jðrjekorrast m——da parameetrite sisestamisel
spGetEmployeesByGenderAndDepartment @DepartmentId = 1, @Gender = 'Male'

sp_helptext spGetEmployeesByGenderAndDepartment

--muudame sp-d ja v¾ti peale, et keegi teine 
--peale teie ei saaks seda muuta
alter procedure spGetEmployeesByGenderAndDepartment
@Gender nvarchar(10),
@DepartmentId int
with encryption --paneb v¾tme peale
as begin
	select FirstName, Gender, DepartmentId from Employees 
	where Gender = @Gender and DepartmentId = @DepartmentId
end

--
create proc spGetEmployeeCountByGender
@Gender nvarchar(10),
--output on parameeter, mis v¾imaldab meil salvestada protseduuri 
--sees tehtud arvutuse tulemuse ja kasutada seda vðljaspool protseduuri
@EmployeeCount int output
as begin
	select @EmployeeCount = count(Id) from Employees 
	where Gender = @Gender
end


--annab tulemuse, kus loendab ðra n¾uetele vastavad read
--prindib tulemuse, mis on parameetris @EmployeeCount
declare @TotalCount int
exec spGetEmployeeCountByGender 'Female', @TotalCount out
if(@TotalCount = 0)
	print '@TotalCount is null'
else
	print '@TotalCount is not null'
print @TotalCount

--nðitab ðra, et mitu rida vastab n¾uetele
declare @TotalCount int
execute spGetEmployeeCountByGender 
--mis on out?
--out on parameeter, mis v¾imaldab meil salvestada protseduuri
@EmployeeCount = @TotalCount out, @Gender = 'Male'
print @TotalCount

--sp sisu vaatamine
sp_help spGetEmployeeCountByGender
--tabeli info
sp_help Employees
--kui soovid sp teksti nðha
sp_helptext spGetEmployeeCountByGender

--vaatame, millest s¾ltub see sp
sp_depends spGetEmployeeCountByGender
--vaatame tabelit sp_depends-ga
sp_depends Employees

---
create proc spGetNameById
@Id int,
@Name nvarchar(30) output
as begin
	select @Id = Id, @Name = FirstName from Employees
end

--tahame nðha kogu tabelite ridade arvu
--count kasutada
create proc spTotalCount2
@TotalCount int output
as begin
	select @TotalCount = count(Id) from Employees
end

--saame teada, et mitu rida on tabelis
declare @TotalEmployees int
execute spTotalCount2 @TotalEmployees output
select @TotalEmployees

--mis id all on keegi nime jðrgi
create proc spGetIdByName1
@Id int,
@FirstName nvarchar(30) output
as begin
	select @FirstName = FirstName from Employees where @Id = Id
end

--annab tulemuse, kus id 1 real on keegi koos nimega
declare @FirstName nvarchar(30)
execute spGetIdByName1 9, @FirstName output
print 'Name of the employee = ' + @FirstName

---
declare @FirstName nvarchar(30)
execute spGetNameById 3, @FirstName output
print 'Name of the employee = ' + @FirstName
--ei anna tulemust, sest sp-s on loogika viga
--sp-s on viga, sest @Id on parameeter, 
--mis on m¾eldud selleks, et me saaksime sisestada id-d 
--ja saada nime, aga sp-s on loogika viga, sest see 
--■ritab mððrata @Id vððrtuseks Id veeru vððrtust, mis on vale

-- rida 662
--tund 5
--07.04.26
declare @FirstName nvarchar(30)
execute spGetNameById 1, @FirstName out
print 'Name of the employee = ' + @FirstName

sp_help spGetNameById

create proc spGetNameById2
@Id int
as begin
	return (select FirstName from Employees where Id = @Id)
end

declare @EmployeeName nvarchar(30)
execute @EmployeeName = spGetNameById2 3
print 'Name of the employee = ' + @EmployeeName


--------------------------
alter PROCEDURE spGetNameById2
    @FirstName NVARCHAR(30) OUTPUT,
    @Id INT
AS
BEGIN
    SELECT @FirstName = FirstName
    FROM Employees
    WHERE Id = @Id
END


DECLARE @FirstName NVARCHAR(30)
EXEC spGetNameById2
    @Id = 3,
    @FirstName = @FirstName OUTPUT
PRINT 'Name of the employee = ' + @FirstName
--return annab ainult int t■■pi vððrtust, 
--seega ei saa kasutada return-i, et tagastada nime, 
--mis on nvarchar t■■pi

----sisseehitatud string funktsioonid
-- see konverteerib ASCII tðhe vððrtuse numbriks
select ascii('A')
-- kuvab A-tðhe
select char(65)

--prindime kogu tðhestiku vðlja A-st Z-ni
--kasutame while ts■klit
declare @Start int
set @Start = 1
while (@Start <= 122)
begin
	print char(@Start)
	set @Start = @Start + 1
end

--eemaldame t■hjad kohad sulgudes
select ltrim('                  Hello')

--t■hiukute eemaldamine s¾nas
select ltrim(FirstName) as FirstName, MiddleName, LastName
from Employees

select RTRIM('            Hello                  ')

--keerba kooloni sees olevad andmed vastupidiseks
--vastavalt upper ja lower-ga saan muuta mðrkide suurust
--reverse funktsioon keerab stringi tagurpidi
select reverse(upper(ltrim(FirstName))) as FirstName, 
MiddleName,LOWER(LastName), rtrim(ltrim(FirstName)) + ' ' +
MiddleName + ' ' + LastName as FullName
from Employees

---left, right, substring
--left v¾tab stringi vasakult poolt neli esimest tðhte
select left('ABCDEF', 4)
--right v¾tab stringi paremalt poolt neli esimest tðhte
select right('ABCDEF', 4)

--kuvab @tðhemðrgi asetust
select charindex('@', 'sara@aaa.com')

--alates viiendast tðhemðrgist v¾tab kaks tðhte
select substring('leo@bbb.com', 5, 2)

--- @-m'rgist kuvab kolm tðhemðrki. Viimase nr saab 
-- mððrata pikkust
select substring('leo@bbb.com', charindex('@', 'leo@bbb.com')
+ 1, 3)

---peale @-mðrki reguleerin tðhemðrkide pikkuse nðitamist
select SUBSTRING('leo@bbb.com', charindex('@', 'leo@bbb.com') + 2,
len('leo@bbb.com') - CHARINDEX('@', 'leo@bbb.com'))

--saame teada domeeninimed emailides
--kasutame Person tabelit ja substringi, len ja charindexi
select SUBSTRING(Email, charindex('@', Email) + 1,
len(Email) - charindex('@', Email)) as DomainName
from Person

select * from Person

alter table Employees
add Email nvarchar(20)

select * from Employees

update Employees set Email = 'Tom@aaa.com' where Id = 1
update Employees set Email = 'Pam@bbb.com' where Id = 2
update Employees set Email = 'John@aaa.com' where Id = 3
update Employees set Email = 'Sam@bbb.com' where Id = 4
update Employees set Email = 'Todd@bbb.com' where Id = 5
update Employees set Email = 'Ben@ccc.com' where Id = 6
update Employees set Email = 'Sara@ccc.com' where Id = 7
update Employees set Email = 'Valarie@aaa.com' where Id = 8
update Employees set Email = 'James@bbb.com' where Id = 9
update Employees set Email = 'Russel@bbb.com' where Id = 10

--lisame *-mðrgi alates teatud kohast
select FirstName, LastName,
	substring(Email, 1, 2) + replicate('*', 5) +
	--peale teist tðhemðrki paneb viis tðrni
	substring(Email, charindex('@', Email), len(Email) 
	- CHARINDEX('@', Email) + 1) as MaskedEmail
	--kuni @-mðrgini paneb tðrnid ja siis jðtkab emaili nðitamist
	--on d■naamiline, sest kui emaili pikkus on erinev, 
	--siis paneb vastavalt tðrne
from Employees

--kolm korda nðitab stringis olevat vððrtust
select replicate('Hello', 3)

--kuidas sisestada t■hikut kahe nime vahele
--kasutada funktsiooni
select space(5)

--v¾tame tabeli Employees ja kuvame eesnime ja perkonnanime vahele t■hikut
select FirstName + space(25) + LastName as FullName from Employees

--PATINDEX
--sama, mis charindex, aga patindex v¾imaldab kasutada wildcardi
--kasutame tabelit Employees ja leiame k¾ik read, kus emaili l¾pus on aaa.com
select Email, PATINDEX('%@aaa.com', Email) as Position 
from Employees
where PATINDEX('%@aaa.com', Email) > 0
--leiame k¾ik read, kus emaili l¾pus on aaa.com v¾i bbb.com

--asendame emaili l¾pus olevat domeeninimed
--.com asemel .net-iga, kasutage replace funktsiooni
select FirstName, LastName, Email,
REPLACE(Email, '.com', '.net') as NewEmail
from Employees

--soovin asendada peale esimest mðrkki olevad tðhed viie tðrniga
select FirstName, LastName, Email,
	stuff(Email, 2, 3, '*****') as StuffedEmail
from Employees

---ajaga seotud andmet■■bid
create table DateTest
(
c_time time,
c_date date,
c_smalldatetime smalldatetime,
c_datetime datetime,
c_datetime2 datetime2,
c_datetimeoffset datetimeoffset
)

select * from DateTest

--sinu masina kellaaeg
select getdate() as CurrentDateTime

insert into DateTest
values (getdate(), getdate(), getdate(), getdate(), getdate(), getdate())
select * from DateTest

update DateTest set c_datetimeoffset = '2026-04-07 12:00:05.0566667 +02:00'
where c_datetimeoffset = '2026-04-07 17:13:05.0566667 +00:00'

select CURRENT_TIMESTAMP, 'CURRENT_TIMESTAMP' --aja pðring
select SYSDATETIME(), 'SYSDATETIME' --veel tðpsem aja pðring
select SYSDATETIMEOFFSET(), 'SYSDATETIMEOFFSET' --tðpne aja ja ajav——ndi pðring
select GETUTCDATE(), 'GETUTCDATE' --UTC aja pðring

select isdate('asdasd') --tagastab 0, sest see ei ole kehtiv kuupðev
select isdate(getdate()) --tagastab 1, sest on kp
select isdate('2026-04-07 12:00:05.0566667') --tagastab 0 kuna max kolm komakohta v]ib olla
select isdate('2026-04-07 12:00:05.056') --tagastab 1
select day(getdate()) --annab tðnase pðeva nr
select day('03/29/2026') --annab stringis oleva kp ja jðrjestus peab olema ¾ige
select month(getdate()) --annab jooksva kuu nr
select month('03/29/2026') -- annab stringis oleva kuu
select year(getdate()) -- annab jooksva aasta nr
select year('03/29/2026') -- annab stringis oleva aasta nr


--tund 6
-- 14.04.26

select DATENAME(DAY, '2026-04-07 12:00:05.056') -- annab stringis oleva pðeva nr
select DATENAME(weekday, '2026-04-07 12:00:05.056') -- nðdalapðev
select DATENAME(month, '2026-04-07 12:00:05.056') -- kuu

create table EmployeesWithDates
(
	Id nvarchar(2),
	Name nvarchar(20),
	DateOfBirth datetime
)


insert into EmployeesWithDates(Id, Name, DateOfBirth)
values (1, 'Sam', '1980-12-30 00:00:00.000'),
(2, 'Pam', '1982-09-01 12:02:36.260'),
(3, 'John', '1985-08-22 12:03:30.370'),
(4, 'Sara', '1979-11-29 12:59:30.670')


select Name, DateOfBirth, DATENAME(weekday, DateOfBirth) as [Day],
		MONTH(DateOfBirth) as [Month],
		DATENAME(month, DateOfBirth) as [MonthName],
		YEAR(DateOfBirth) as [Year] 
from EmployeesWithDates

select DATEPART(weekday, '2026-04-07 12:00:05.056') -- annab stringis oleva pðeva
select DATEPART(month, '2026-04-07 12:00:05.056') -- annab kuu
select DATENAME(week, '2026-04-07 12:00:05.056') -- annab nðdala numbri
select DATEADD(day, 20, '2026-04-07 12:00:05.056') -- annab stringis oleva kuupðeva mis on 20 pðeva pðrast
select DATEADD(day, -20, '2026-04-07 12:00:05.056') -- 20 pðeva enne
select DATEDIFF(year, '04/30/2025', '01/31/2026')
select DATEDIFF(month, '04/30/2025', '01/31/2026')

create function fnComputeAge(@DOB datetime)
returns nvarchar(50)
as begin
	DECLARE @tempdate datetime, @years int, @months int, @days int
	select @tempdate = @DOB

	select @years = DATEDIFF(YEAR, @tempdate, GETDATE()) - case when (month(@DOB) > MONTH(GETDATE())) or (MONTH(@DOB))
	= MONTH(getdate()) and DAY(@DOB) > DAY(getdate()) then 1 else 0 end
	select @tempdate = DATEADD(year, @years, @tempdate)

	select @months = DATEDIFF(month, @tempdate, getdate()) - case when DAY(@DOB) > DAY(getdate()) then 1 else 0 end
	select @tempdate = DATEADD(month, @months, @tempdate)

	select @days = DATEDIFF(day, @tempdate, getdate())

	declare @Age nvarchar(50)
		set @Age = CAST(@years as nvarchar(10)) + 'years, '
		+ CAST(@months as nvarchar(10)) + ' months, '
		+ CAST(@days as nvarchar(10)) + 'days old'
	return @Age
end

--saame vanuse vðlja arvutada, kui kasutama fnComputeAge funktsiooni
select Name, DateOfBirth, dbo.fnComputeAge(DateOfBirth) as Age
from EmployeesWithDates

/*kui kasutame seda funktsiooni, siis saame teada tðnase pðeva vahet
stringis olevaga*/
select dbo.fnComputeAge('10/02/2003')


--nr peale DOB muutujat nðitab, et missugusena jðrjestuses
--me tahame nðidata veeru sisu
select Id, Name, DateOfBirth,
convert(nvarchar, DateOfBirth, 109) as ConvertedDOB
from EmployeesWithDates

select Id, Name, Name + ' -' + CAST(Id as nvarchar) as [Name-Id]
from EmployeesWithDates

select CAST(GETDATE() as date)-- tðnane kp
select CONVERT(date, getdate()) --tðnane kp

--matemaatilised funktsioonid
select ABS(-101.5) --absoluutvððrtus, tagastab 101,5
select CEILING(101.5) -- ■mardab suuremaks
select CEILING(-101.5)
select FLOOR(101.5)  -- ■mardab vðiksemaks
select POWER(2, 4) --2 astmes 4
select SQUARE(5) -- v¾tab ruutu
select SQRT(25) -- ruutjuur squareroot

select RAND() * 100 -- random number 0 - 1
select ceiling(RAND() * 100) -- 1 kuni 100
-- annab juhusliku numbri 1-1000 ja teeb seda 10 korda
DECLARE @Counter INT
set @Counter =1
WHILE (@Counter <11)
BEGIN
	set @Counter = @Counter + 1
	Select CEILING(rand() * 1000) as RandomNumber
end

select ROUND(850.556, 2) --■mardab kahe komakohani
select ROUND(850.556, 2, 1)
select ROUND(850.556, 1) -- ■mardab ■he komakohani
select ROUND(850.556, 1, 1)
select ROUND(850.556, -2) -- sadade kaupa
select ROUND(850.556, -1) -- k■mnete kaupa

create function dbo.CalculateAge (@DOB date)
returns int
as begin
declare @Age int

set @Age = DATEDIFF(year, @DOB, getdate()) - 
	case
		when (MONTH(@DOB) > MONTH(GETDATE())) or
			(MONTH (@DOB) = MONTH(getdate()) and DAY(@DOB) > DAY(getdate()))
		then 1
		else 0
		end
	return @Age
end
-----
execute CalculateAge '10/25/1980' 
--arvutab v'lja, kui vana on isik ja v]tab arvesse,
--kas isiku s■nnipðev on juba sel aastal olnud v¾i mitte
--antud juhul nðitab, kes on ■le 40 aasta vanad
Select Id, Name, dbo.CalculateAge(DateOfBirth) as Age from EmployeesWithDates
where dbo.CalculateAge(DateOfBirth) > 40

--inline table valued functions
--teha EmployeesWithDates tabelisse
--uus veerg nimega DepartmentId int, mis arvutab vanuse vðlja
--ja teine veerg on Gender nvarchar(10)

alter table EmployeesWithDates
add DepartmentId int,
Gender nvarchar(10)

update EmployeesWithDates set Gender = 'Male', DepartmentId = 1
where Id = 1
update EmployeesWithDates set Gender = 'Female', DepartmentId = 2
where Id = 2
update EmployeesWithDates set Gender = 'Male', DepartmentId = 1
where Id = 3
update EmployeesWithDates set Gender = 'Female', DepartmentId = 3
where Id = 4
insert into EmployeesWithDates (Id, Name, DateOfBirth, DepartmentId, Gender)
values (5, 'Todd', '1978-11-29 12:59:30.670', 1, 'Male')

select * from EmployeesWithDates

--scalar function e skaleeritava funktsioon annab mingis vahemikus olevaid
--vððrtusi aga inline table valued function tagastab tabeli
--ja seal ei kasuta begin ja endi vahele kirjutamist,
--vaid lihtsalt kirjutad selecti

create function fn_EmployeesByGender(@Gender nvarchar(10))
returns table
as
return (select Id, Name, DateOfBirth, DepartmentId, Gender
		from EmployeesWithDates
		where Gender = @Gender)


-- soovime vaadata k¾iki naisi EmployeesWithDates tabelist
select * from fn_EmployeesByGender('Female')

--soovin nðha ainult pam ja kasutan sama funktsiooni

select * from fn_EmployeesByGender('Female')
where Name = 'Pam'

--kahest erinevast tabelist andmete v¾tmine ja koos kuvamine
--esimene on funktsioon ja teine on Department tabel
select Name, Gender, DepartmentName
from fn_EmployeesByGender('Male') E
join Department D on D.Id = E.DepartmentId


--inline funktsioon
create function fn_GetEmployees()
returns table as
return (select Id, Name, CAST(DateOfBirth as date)
		as DOB
		from EmployeesWithDates)

select * from fn_GetEmployees()


--multi statement table valued function
create function fn_MS_GetEmployees()
returns @Table Table (Id int, Name nvarchar(20), DOB date)
as begin
	insert into @Table
	select Id, Name, CAST(DateOfBirth as date) from EmployeesWithDates

	return
end

select * from fn_MS_GetEmployees()

--inline tabel funktsioonid on paremini t——tamas
-- kuna kðsitletakse vaatena
--multi statement table valued funktsioonid on nagu tavalised funkts.
--pm on tegemist stored procedurega ja  see v¾ib olla aeglasem
--sest see ei saa kasutada vaate optimeerimist